Date,^FTSE_predicted
2021-09-01,7169.090888977051
2021-09-02,7199.022804260254
2021-09-03,7213.035911560059
2021-09-06,7187.27392578125
2021-09-07,7235.8472328186035
2021-09-08,7198.101558685303
2021-09-09,7144.416591644287
2021-09-10,7074.463085174561
2021-09-13,7080.633129119873
2021-09-14,7120.24356842041
2021-09-15,7085.757568359375
2021-09-16,7068.198978424072
2021-09-17,7079.63586807251
2021-09-20,7016.240570068359
2021-09-21,6957.4313316345215
2021-09-22,7035.222026824951
2021-09-23,7136.81266784668
2021-09-24,7130.108371734619
2021-09-27,7102.402488708496
2021-09-28,7114.523078918457
2021-09-29,7079.619235992432
2021-09-30,7159.3932762146
2021-10-01,7137.350116729736
2021-10-04,7077.841533660889
2021-10-05,7062.619384765625
2021-10-06,7129.025897979736
2021-10-07,7047.915813446045
2021-10-08,7129.555828094482
2021-10-11,7147.093704223633
2021-10-12,7197.064323425293
2021-10-13,7179.825634002686
2021-10-14,7190.989917755127
2021-10-15,7256.517265319824
2021-10-18,7281.926834106445
2021-10-19,7251.030632019043
2021-10-20,7264.656322479248
2021-10-21,7270.3941078186035
2021-10-22,7237.6207275390625
2021-10-25,7252.071186065674
2021-10-26,7270.346923828125
2021-10-27,7324.484157562256
2021-10-28,7299.664756774902
2021-10-29,7295.569709777832
2021-11-01,7284.020511627197
2021-11-02,7334.8359375
2021-11-03,7320.780662536621
2021-11-04,7294.670967102051
2021-11-05,7325.84069442749
2021-11-08,7349.7601318359375
2021-11-09,7345.661598205566
2021-11-10,7319.2274169921875
2021-11-11,7385.275566101074
2021-11-12,7428.658164978027
2021-11-15,7391.549934387207
2021-11-16,7395.420337677002
2021-11-17,7370.996719360352
2021-11-18,7335.609546661377
2021-11-19,7301.20051574707
2021-11-22,7269.678939819336
2021-11-23,7302.01265335083
2021-11-24,7313.170738220215
2021-11-25,7332.2282791137695
2021-11-26,7355.8862953186035
2021-11-29,7090.8000411987305
2021-11-30,7158.562591552734
2021-12-01,7110.452503204346
2021-12-02,7218.733177185059
2021-12-03,7178.992656707764
2021-12-06,7171.409999847412
2021-12-07,7281.144382476807
2021-12-08,7387.10774230957
2021-12-09,7382.567958831787
2021-12-10,7365.540725708008
2021-12-13,7336.398143768311
2021-12-14,7276.809253692627
2021-12-15,7264.9281578063965
2021-12-16,7218.151153564453
2021-12-17,7307.928859710693
2021-12-20,7316.824691772461
2021-12-21,7244.420082092285
2021-12-22,7343.736534118652
2021-12-23,7387.560245513916
2021-12-24,7417.585296630859
2021-12-29,7415.6789894104
2021-12-30,7463.674640655518
2021-12-31,7445.666103363037
2022-01-04,7426.96932220459
2022-01-05,7547.24454498291
2022-01-06,7557.984664916992
2022-01-07,7490.637565612793
2022-01-10,7525.791370391846
2022-01-11,7486.372974395752
2022-01-12,7532.201522827148
2022-01-13,7592.10542678833
2022-01-14,7603.261455535889
2022-01-17,7581.8096351623535
2022-01-18,7649.655872344971
2022-01-19,7601.955017089844
2022-01-20,7627.660396575928
2022-01-21,7623.214340209961
2022-01-24,7532.666305541992
2022-01-25,7337.830410003662
2022-01-26,7414.281059265137
2022-01-27,7513.208209991455
2022-01-28,7595.587795257568
2022-01-31,7506.2515296936035
2022-02-01,7504.525535583496
2022-02-02,7576.341232299805
2022-02-03,7622.640060424805
2022-02-04,7567.682224273682
2022-02-07,7555.381160736084
2022-02-08,7612.753211975098
2022-02-09,7606.013801574707
2022-02-10,7681.358310699463
2022-02-11,7709.583389282227
2022-02-14,7697.284492492676
2022-02-15,7568.49605178833
2022-02-16,7646.547958374023
2022-02-17,7642.036239624023
2022-02-18,7575.35453414917
2022-02-21,7552.325832366943
2022-02-22,7524.047481536865
2022-02-23,7534.370567321777
2022-02-24,7538.539627075195
2022-02-25,7249.036720275879
2022-02-28,7532.2978439331055
2022-03-01,7501.608360290527
2022-03-02,7371.857425689697
2022-03-03,7472.067012786865
2022-03-04,7282.936511993408
2022-03-07,7033.5075607299805
2022-03-08,7010.300785064697
2022-03-09,7017.673545837402
2022-03-10,7242.987602233887
2022-03-11,7149.845832824707
2022-03-14,7204.548358917236
2022-03-15,7242.5937423706055
2022-03-16,7224.000598907471
2022-03-17,7339.030662536621
2022-03-18,7431.150360107422
2022-03-21,7448.451755523682
2022-03-22,7484.831546783447
2022-03-23,7518.395168304443
2022-03-24,7501.730243682861
2022-03-25,7508.299427032471
2022-03-28,7524.294399261475
2022-03-29,7513.852893829346
2022-03-30,7577.589714050293
2022-03-31,7618.369613647461
2022-04-01,7554.685688018799
2022-04-04,7576.902507781982
2022-04-05,7598.18078994751
2022-04-06,7652.249584197998
2022-04-07,7625.734729766846
2022-04-08,7589.7600021362305
2022-04-11,7707.396179199219
2022-04-12,7655.731674194336
2022-04-13,7613.715217590332
2022-04-14,7618.633876800537
2022-04-19,7654.374641418457
2022-04-20,7639.020236968994
2022-04-21,7666.543872833252
2022-04-22,7665.25309753418
2022-04-25,7559.349479675293
2022-04-26,7419.956439971924
2022-04-27,7427.88240814209
2022-04-28,7468.348411560059
2022-04-29,7551.018299102783
2022-05-03,7585.082347869873
2022-05-04,7600.569473266602
2022-05-05,7532.7055015563965
2022-05-06,7542.8770179748535
2022-05-09,7428.759471893311
2022-05-10,7259.4677734375
2022-05-11,7288.558650970459
2022-05-12,7393.828109741211
2022-05-13,7278.959663391113
2022-05-16,7462.679649353027
2022-05-17,7508.445713043213
2022-05-18,7559.506454467773
2022-05-19,7478.788791656494
2022-05-20,7344.430694580078
2022-05-23,7433.157917022705
2022-05-24,7556.315010070801
2022-05-25,7525.562519073486
2022-05-26,7562.793518066406
2022-05-27,7604.574268341064
2022-05-30,7624.314254760742
2022-05-31,7638.245895385742
2022-06-01,7645.477863311768
2022-06-06,7571.031280517578
2022-06-07,7646.345275878906
2022-06-08,7637.159152984619
2022-06-09,7630.663040161133
2022-06-10,7514.719818115234
2022-06-13,7358.0836753845215
2022-06-14,7249.628498077393
2022-06-15,7234.00857925415
2022-06-16,7320.620151519775
2022-06-17,7093.109329223633
2022-06-20,7065.840744018555
2022-06-21,7173.197296142578
2022-06-22,7202.607086181641
2022-06-23,7138.786415100098
2022-06-24,7070.818683624268
2022-06-27,7259.136512756348
2022-06-28,7307.2648277282715
2022-06-29,7369.624736785889
2022-06-30,7357.522308349609
2022-07-01,7214.904144287109
2022-07-04,7215.714054107666
2022-07-05,7280.718566894531
2022-07-06,7074.297336578369
2022-07-07,7157.321666717529
2022-07-08,7239.399326324463
2022-07-11,7244.882278442383
2022-07-12,7244.406536102295
2022-07-13,7257.5455322265625
2022-07-14,7204.269458770752
2022-07-15,7088.792907714844
2022-07-18,7208.814414978027
2022-07-19,7272.659770965576
2022-07-20,7343.509792327881
2022-07-21,7310.420558929443
2022-07-22,7316.150970458984
2022-07-25,7322.271343231201
2022-07-26,7351.864513397217
2022-07-27,7351.5372314453125
2022-07-28,7392.876335144043
2022-07-29,7389.618793487549
2022-08-01,7466.83971786499
2022-08-02,7456.236167907715
2022-08-03,7451.295902252197
2022-08-04,7487.80029296875
2022-08-05,7489.902923583984
2022-08-08,7481.181560516357
2022-08-09,7523.664756774902
2022-08-10,7529.133686065674
2022-08-11,7547.454978942871
2022-08-12,7506.289897918701
2022-08-15,7541.2522048950195
2022-08-16,7549.588836669922
2022-08-17,7575.913906097412
2022-08-18,7555.425010681152
2022-08-19,7581.283950805664
2022-08-22,7589.697467803955
2022-08-23,7572.87699508667
2022-08-24,7527.523571014404
2022-08-25,7511.584857940674
2022-08-26,7520.317638397217
2022-08-30,7468.331962585449
2022-08-31,7403.42826461792
2022-09-01,7327.609951019287
2022-09-02,7194.11739730835
2022-09-05,7327.949737548828
2022-09-06,7334.2448081970215
2022-09-07,7345.798355102539
2022-09-08,7283.4231300354
2022-09-09,7308.004333496094
2022-09-12,7396.826919555664
2022-09-13,7516.911773681641
2022-09-14,7428.413444519043
2022-09-15,7320.093242645264
2022-09-16,7326.681629180908
2022-09-20,7282.595127105713
2022-09-21,7239.243686676025
2022-09-22,7284.700031280518
2022-09-23,7207.1352615356445
2022-09-26,7067.428497314453
2022-09-27,7071.895542144775
2022-09-28,7037.138816833496
2022-09-29,7058.115005493164
2022-09-30,6935.32600402832
2022-10-03,6948.398651123047
2022-10-04,6964.448505401611
2022-10-05,7140.673480987549
2022-10-06,7105.182613372803
2022-10-07,7048.772426605225
2022-10-10,7043.47248840332
2022-10-11,7012.505165100098
2022-10-12,6939.269676208496
2022-10-13,6881.698886871338
2022-10-14,6906.9568519592285
2022-10-17,6915.776725769043
2022-10-18,6976.425361633301
2022-10-19,6992.141674041748
2022-10-20,6979.736129760742
2022-10-21,6998.449352264404
2022-10-24,7024.015483856201
2022-10-25,7067.579891204834
2022-10-26,7066.4055519104
2022-10-27,7108.275550842285
2022-10-28,7125.366004943848
2022-10-31,7098.946380615234
2022-11-01,7145.498653411865
2022-11-02,7236.41873550415
2022-11-03,7193.283508300781
2022-11-04,7236.963871002197
2022-11-07,7382.222183227539
2022-11-08,7345.883407592773
2022-11-09,7350.823535919189
2022-11-10,7341.37190246582
2022-11-11,7419.894435882568
2022-11-14,7362.348220825195
2022-11-15,7428.862506866455
2022-11-16,7413.120475769043
2022-11-17,7394.523574829102
2022-11-18,7390.169326782227
2022-11-21,7429.140476226807
2022-11-22,7420.292835235596
2022-11-23,7495.410575866699
2022-11-24,7507.1438064575195
2022-11-25,7507.693920135498
2022-11-28,7527.536926269531
2022-11-29,7514.725856781006
2022-11-30,7552.4077224731445
2022-12-01,7612.917476654053
2022-12-02,7597.5120849609375
2022-12-05,7594.771945953369
2022-12-06,7606.160995483398
2022-12-07,7560.268573760986
2022-12-08,7528.56192779541
2022-12-09,7512.389785766602
2022-12-12,7517.220165252686
2022-12-13,7486.935737609863
2022-12-14,7543.707164764404
2022-12-15,7536.544723510742
2022-12-16,7466.795116424561
2022-12-19,7373.967582702637
2022-12-20,7404.493278503418
2022-12-21,7414.389114379883
2022-12-22,7539.920429229736
2022-12-23,7510.885623931885
2022-12-28,7513.590274810791
2022-12-29,7537.87580871582
2022-12-30,7553.031433105469
2023-01-03,7492.043254852295
2023-01-04,7594.192581176758
2023-01-05,7624.788326263428
2023-01-06,7671.546253204346
2023-01-09,7736.433158874512
2023-01-10,7760.6594581604
2023-01-11,7729.60778427124
2023-01-12,7759.9460525512695
2023-01-13,7828.557357788086
2023-01-16,7877.492286682129
2023-01-17,7892.338962554932
2023-01-18,7882.6972579956055
2023-01-19,7862.445554733276
2023-01-20,7779.790699005127
2023-01-23,7803.842441558838
2023-01-24,7818.435523986816
2023-01-25,7790.96223449707
2023-01-26,7778.636421203613
2023-01-27,7795.099475860596
2023-01-30,7799.15425491333
2023-01-31,7818.551525115967
2023-02-01,7805.225914001465
2023-02-02,7794.617511749268
2023-02-03,7853.578441619873
2023-02-06,7934.297073364258
2023-02-07,7868.3529624938965
2023-02-08,7895.982513427734
2023-02-09,7916.726564407349
2023-02-10,7942.147033691406
2023-02-13,7913.210489273071
2023-02-14,7977.932241439819
2023-02-15,7983.918605804443
2023-02-16,8026.9208126068115
2023-02-17,8041.118896484375
2023-02-20,8032.547817230225
2023-02-21,8042.324607849121
2023-02-22,8006.025684356689
2023-02-23,7959.306753158569
2023-02-24,7937.258945465088
2023-02-27,7909.046871185303
2023-02-28,7965.568344116211
2023-03-01,7906.907506942749
2023-03-02,7945.255250930786
2023-03-03,7974.403324127197
2023-03-06,7976.892641067505
2023-03-07,7959.401954650879
2023-03-08,7949.276399612427
2023-03-09,7959.858774185181
2023-03-10,7910.256484985352
2023-03-13,7779.745506286621
2023-03-14,7582.701831817627
2023-03-15,7673.605113983154
2023-03-16,7383.9300537109375
2023-03-17,7450.740737915039
2023-03-20,7378.857402801514
2023-03-21,7446.951145172119
2023-03-22,7578.531761169434
2023-03-23,7607.11576461792
2023-03-24,7538.800033569336
2023-03-27,7445.579170227051
2023-03-28,7512.936870574951
2023-03-29,7525.680107116699
2023-03-30,7604.435077667236
2023-03-31,7659.371223449707
2023-04-03,7669.356517791748
2023-04-04,7709.777626037598
2023-04-05,7671.050094604492
2023-04-06,7699.219589233398
2023-04-11,7777.562454223633
2023-04-12,7820.461067199707
2023-04-13,7858.222415924072
2023-04-14,7875.9755210876465
2023-04-17,7903.79155921936
2023-04-18,7910.938165664673
2023-04-19,7940.3386878967285
2023-04-20,7929.482397079468
2023-04-21,7933.075145721436
2023-04-24,7944.573583602905
2023-04-25,7942.554677963257
2023-04-26,7921.4880027771
2023-04-27,7883.4049644470215
2023-04-28,7863.0419635772705
2023-05-02,7902.342260360718
2023-05-03,7805.183410644531
2023-05-04,7820.951484680176
2023-05-05,7736.435356140137
2023-05-09,7812.366081237793
2023-05-10,7798.30782699585
2023-05-11,7775.0596351623535
2023-05-12,7764.749694824219
2023-05-15,7788.9092445373535
2023-05-16,7811.767734527588
2023-05-17,7784.907627105713
2023-05-18,7757.184471130371
2023-05-19,7776.653961181641
2023-05-22,7791.264671325684
2023-05-23,7804.979206085205
2023-05-24,7796.77193069458
2023-05-25,7661.621196746826
2023-05-26,7606.995494842529
2023-05-30,7664.717338562012
2023-05-31,7560.306381225586
2023-06-01,7485.153575897217
2023-06-02,7530.7481117248535
2023-06-05,7647.362140655518
2023-06-06,7638.666091918945
2023-06-07,7665.547721862793
2023-06-08,7661.597221374512
2023-06-09,7636.914939880371
2023-06-12,7600.090911865234
2023-06-13,7608.896373748779
2023-06-14,7633.130107879639
2023-06-15,7640.694538116455
2023-06-16,7665.841114044189
2023-06-19,7679.85827255249
2023-06-20,7625.622585296631
2023-06-21,7606.871295928955
2023-06-22,7597.51346206665
2023-06-23,7540.935924530029
2023-06-26,7501.679767608643
2023-06-27,7494.3313636779785
2023-06-28,7502.640338897705
2023-06-29,7541.4069175720215
2023-06-30,7512.368137359619
2023-07-03,7571.674404144287
2023-07-04,7567.252490997314
2023-07-05,7559.165130615234
2023-07-06,7482.1532554626465
2023-07-07,7322.322654724121
2023-07-10,7301.065460205078
2023-07-11,7319.651596069336
2023-07-12,7328.375072479248
2023-07-13,7460.873874664307
2023-07-14,7483.541767120361
2023-07-17,7476.468765258789
2023-07-18,7448.262733459473
2023-07-19,7495.569129943848
2023-07-20,7629.0827713012695
2023-07-21,7684.9971923828125
2023-07-24,7700.7141456604
2023-07-25,7714.827220916748
2023-07-26,7727.6543045043945
2023-07-27,7712.591735839844
2023-07-28,7728.399314880371
2023-07-31,7729.894096374512
2023-08-01,7734.801734924316
2023-08-02,7701.8435134887695
2023-08-03,7598.013454437256
2023-08-04,7567.026786804199
2023-08-07,7603.285274505615
2023-08-08,7593.4486083984375
2023-08-09,7566.266613006592
2023-08-10,7626.127342224121
2023-08-11,7656.972839355469
2023-08-14,7562.312488555908
2023-08-15,7545.939506530762
2023-08-16,7430.120006561279
2023-08-17,7398.826023101807
2023-08-18,7353.853061676025
2023-08-21,7307.095664978027
2023-08-22,7303.413246154785
2023-08-23,7316.840843200684
2023-08-24,7366.14860534668
2023-08-25,7378.589599609375
2023-08-29,7382.953987121582
2023-08-30,7508.3779373168945
2023-08-31,7515.852699279785
2023-09-01,7480.173748016357
2023-09-04,7505.635780334473
2023-09-05,7494.118011474609
2023-09-06,7479.170024871826
2023-09-07,7467.688415527344
2023-09-08,7483.438499450684
2023-09-11,7519.685600280762
2023-09-12,7537.796798706055
2023-09-13,7567.692054748535
2023-09-14,7565.754688262939
2023-09-15,7711.669395446777
2023-09-18,7748.479026794434
2023-09-19,7688.620677947998
2023-09-20,7696.017948150635
2023-09-21,7767.572647094727
2023-09-22,7714.113414764404
2023-09-25,7719.164951324463
2023-09-26,7660.07922744751
2023-09-27,7662.233180999756
2023-09-28,7630.481250762939
2023-09-29,7639.392230987549
2023-10-02,7645.786861419678
2023-10-03,7548.847919464111
2023-10-04,7509.385837554932
2023-10-05,7453.331615447998
2023-10-06,7492.985511779785
2023-10-09,7536.027450561523
2023-10-10,7532.888153076172
2023-10-11,7667.653121948242
2023-10-12,7658.344100952148
2023-10-13,7681.775905609131
2023-10-16,7636.715274810791
2023-10-17,7667.681713104248
2023-10-18,7712.1700439453125
2023-10-19,7624.824180603027
2023-10-20,7537.196063995361
2023-10-23,7441.998500823975
2023-10-24,7416.576778411865
2023-10-25,7432.5673751831055
2023-10-26,7457.143688201904
2023-10-27,7397.458499908447
2023-10-30,7334.853271484375
2023-10-31,7371.871578216553
2023-11-01,7366.503215789795
2023-11-02,7386.768787384033
2023-11-03,7490.076999664307
2023-11-06,7460.332366943359
2023-11-07,7459.679595947266
2023-11-08,7452.206260681152
2023-11-09,7444.026943206787
2023-11-10,7497.835762023926
2023-11-13,7402.936805725098
2023-11-14,7468.0460777282715
2023-11-15,7482.9956703186035
2023-11-16,7528.3443031311035
2023-11-17,7452.369194030762
2023-11-20,7545.307331085205
2023-11-21,7537.365592956543
2023-11-22,7522.229290008545
2023-11-23,7510.009197235107
2023-11-24,7524.269344329834
2023-11-27,7528.836879730225
2023-11-28,7501.332637786865
2023-11-29,7496.064559936523
2023-11-30,7464.87580871582
2023-12-01,7495.318321228027
2023-12-04,7570.483615875244
2023-12-05,7553.231243133545
2023-12-06,7529.595062255859
2023-12-07,7555.396110534668
2023-12-08,7553.7048988342285
2023-12-11,7594.022029876709
2023-12-12,7584.141651153564
2023-12-13,7581.749320983887
2023-12-14,7587.424587249756
2023-12-15,7687.37735748291
2023-12-18,7614.297840118408
2023-12-19,7651.840198516846
2023-12-20,7675.554290771484
2023-12-21,7752.220397949219
2023-12-22,7730.461193084717
2023-12-27,7732.695571899414
2023-12-28,7760.202777862549
2023-12-29,7757.656452178955
2024-01-02,7767.856338500977
2024-01-03,7756.158473968506
2024-01-04,7717.194942474365
2024-01-05,7758.193222045898
2024-01-08,7724.9135818481445
2024-01-09,7729.389888763428
2024-01-10,7719.525421142578
2024-01-11,7687.563583374023
2024-01-12,7613.19172668457
2024-01-15,7662.148471832275
2024-01-16,7632.625793457031
2024-01-17,7596.051761627197
2024-01-18,7485.344131469727
2024-01-19,7499.394134521484
2024-01-22,7503.139408111572
2024-01-23,7528.630634307861
2024-01-24,7526.389423370361
2024-01-25,7567.898124694824
2024-01-26,7569.537292480469
2024-01-29,7673.868625640869
2024-01-30,7670.551113128662
2024-01-31,7702.971000671387
2024-02-01,7667.221984863281
2024-02-02,7658.863430023193
2024-02-05,7652.612907409668
2024-02-06,7650.165729522705
2024-02-07,7717.936908721924
2024-02-08,7665.492889404297
2024-02-09,7632.20263671875
2024-02-12,7610.222396850586
2024-02-13,7611.829395294189
2024-02-14,7551.014617919922
2024-02-15,7607.292526245117
2024-02-16,7636.309944152832
2024-02-19,7749.027755737305
2024-02-20,7764.471477508545
2024-02-21,7754.015060424805
2024-02-22,7697.577671051025
2024-02-23,7720.015869140625
2024-02-26,7742.027645111084
2024-02-27,7719.767906188965
2024-02-28,7718.459564208984
2024-02-29,7661.027347564697
2024-03-01,7666.506748199463
2024-03-04,7719.191234588623
2024-03-05,7676.749187469482
2024-03-06,7682.48201751709
2024-03-07,7715.7273025512695
2024-03-08,7728.5085525512695
2024-03-11,7695.483318328857
2024-03-12,7705.082660675049
2024-03-13,7783.4345703125
2024-03-14,7806.930362701416
2024-03-15,7777.164531707764
2024-03-18,7761.477157592773
2024-03-19,7757.110088348389
2024-03-20,7772.903869628906
2024-03-21,7771.920803070068
2024-03-22,7916.118053436279
2024-03-25,7962.922653198242
2024-03-26,7947.966669082642
2024-03-27,7960.958177566528
2024-03-28,7961.9628047943115
2024-04-02,7982.313301086426
2024-04-03,7964.735387802124
2024-04-04,7966.978872299194
2024-04-05,8005.396598815918
2024-04-08,7940.732398986816
2024-04-09,7973.029014587402
2024-04-10,7964.701398849487
2024-04-11,7990.726839065552
2024-04-12,7953.404029846191
2024-04-15,8024.858047485352
2024-04-16,7994.680082321167
2024-04-17,7850.014688491821
2024-04-18,7878.932151794434
2024-04-19,7908.963266372681
2024-04-22,7927.156576156616
2024-04-23,8053.990098953247
2024-04-24,8073.544942855835
2024-04-25,8067.843397140503
2024-04-26,8105.972494125366
2024-04-29,8166.255094528198
2024-04-30,8172.5792446136475
2024-05-01,8169.095613479614
2024-05-02,8146.283136367798
2024-05-03,8197.207511901855
2024-05-07,8238.071588516235
2024-05-08,8336.937622070312
2024-05-09,8375.961990356445
2024-05-10,8401.925170898438
2024-05-13,8453.48021888733
2024-05-14,8434.139385223389
2024-05-15,8446.863306045532
2024-05-16,8464.529628753662
2024-05-17,8457.218730926514
2024-05-20,8438.819053649902
2024-05-21,8442.901634216309
2024-05-22,8435.370637893677
2024-05-23,8389.443487167358
2024-05-24,8358.935821533203
2024-05-28,8338.0943069458
2024-05-29,8275.478790283203
2024-05-30,8205.456161499023
2024-05-31,8254.31160736084
2024-06-03,8298.613014221191
2024-06-04,8285.309003829956
2024-06-05,8254.389284133911
2024-06-06,8269.661016464233
2024-06-07,8307.902164459229
2024-06-10,8267.787380218506
2024-06-11,8250.95924949646
2024-06-12,8171.1889934539795
2024-06-13,8239.305856704712
2024-06-14,8187.966957092285
2024-06-17,8171.074768066406
2024-06-18,8166.994846343994
2024-06-19,8216.007232666016
2024-06-20,8229.37911605835
2024-06-21,8295.862798690796
2024-06-24,8260.598611831665
2024-06-25,8303.94056892395
2024-06-26,8270.284423828125
2024-06-27,8247.790115356445
2024-06-28,8202.91718673706
2024-07-01,8187.964937210083
2024-07-02,8191.177610397339
2024-07-03,8145.949071884155
2024-07-04,8195.911939620972
2024-07-05,8265.725648880005
2024-07-08,8227.532482147217
2024-07-09,8216.868022918701
2024-07-10,8163.878709793091
2024-07-11,8217.801347732544
2024-07-12,8247.481941223145
2024-07-15,8276.207332611084
2024-07-16,8206.195280075073
2024-07-17,8188.490369796753
2024-07-18,8211.727025985718
2024-07-19,8229.010427474976
2024-07-22,8179.7447299957275
2024-07-23,8222.843790054321
2024-07-24,8191.709535598755
2024-07-25,8177.9554233551025
2024-07-26,8210.860759735107
2024-07-29,8309.470529556274
2024-07-30,8315.058195114136
2024-07-31,8296.23383140564
2024-08-01,8389.406513214111
2024-08-02,8304.689462661743
2024-08-05,8196.430944442749
2024-08-06,8032.460287094116
2024-08-07,8053.165620803833
2024-08-08,8193.913997650146
2024-08-09,8170.837985992432
2024-08-12,8192.737014770508
2024-08-13,8234.7110080719
2024-08-14,8258.932300567627
2024-08-15,8304.009046554565
2024-08-16,8369.365978240967
2024-08-19,8332.64031791687
2024-08-20,8377.598482131958
2024-08-21,8294.408395767212
2024-08-22,8304.713497161865
2024-08-23,8309.938438415527
2024-08-27,8349.396686553955
2024-08-28,8366.648239135742
2024-08-29,8364.572568893433
2024-08-30,8399.937759399414
2024-09-02,8396.689643859863
2024-09-03,8383.673086166382
2024-09-04,8318.851333618164
2024-09-05,8290.729944229126
2024-09-06,8263.780261993408
2024-09-09,8204.385116577148
2024-09-10,8293.915588378906
2024-09-11,8229.294347763062
2024-09-12,8216.989797592163
2024-09-13,8264.496114730835
2024-09-16,8296.151321411133
2024-09-17,8300.755411148071
2024-09-18,8331.760356903076
2024-09-19,8275.572803497314
2024-09-20,8350.330509185791
2024-09-23,8252.070301055908
2024-09-24,8281.729858398438
2024-09-25,8305.333026885986
2024-09-26,8290.867946624756
2024-09-27,8306.888496398926
2024-09-30,8342.587610244751
2024-10-01,8258.821279525757
2024-10-02,8298.650695800781
2024-10-03,8313.19359588623
2024-10-04,8304.379684448242
2024-10-07,8302.431674957275
2024-10-08,8325.394485473633
2024-10-09,8212.848859786987
2024-10-10,8266.349086761475
2024-10-11,8260.954551696777
2024-10-14,8276.446964263916
2024-10-15,8315.159009933472
2024-10-16,8271.548273086548
2024-10-17,8350.91261100769
2024-10-18,8406.360094070435
2024-10-21,8378.57389831543
2024-10-22,8338.414245605469
2024-10-23,8327.323274612427
2024-10-24,8280.124542236328
2024-10-25,8291.345579147339
2024-10-28,8271.192031860352
2024-10-29,8307.85816001892
2024-10-30,8242.110092163086
2024-10-31,8182.640819549561
2024-11-01,8134.476552963257
2024-11-04,8202.13097000122
2024-11-05,8208.99345588684
2024-11-06,8196.608013153076
2024-11-07,8190.972345352173
2024-11-08,8165.267358779907
2024-11-11,8097.608560562134
2024-11-12,8150.893926620483
2024-11-13,8052.23787689209
2024-11-14,8057.045333862305
2024-11-15,8098.569465637207
2024-11-18,8090.639471054077
2024-11-19,8135.775300979614
2024-11-20,8125.23189163208
2024-11-21,8111.085092544556
2024-11-22,8175.127635955811
2024-11-25,8286.904485702515
2024-11-26,8314.874910354614
2024-11-27,8280.731456756592
2024-11-28,8296.844919204712
2024-11-29,8303.372262954712
2024-12-02,8309.246280670166
2024-12-03,8334.603176116943
2024-12-04,8380.596057891846
2024-12-05,8356.536674499512
2024-12-06,8369.844232559204
2024-12-09,8329.362976074219
2024-12-10,8372.828212738037
2024-12-11,8301.532388687134
2024-12-12,8322.799724578857
2024-12-13,8333.403148651123
2024-12-16,8321.700662612915
2024-12-17,8283.71005821228
2024-12-18,8217.57890510559
2024-12-19,8222.322652816772
2024-12-20,8129.603105545044
2024-12-23,8109.736864089966
2024-12-24,8128.738052368164
2024-12-27,8162.88352394104
2024-12-30,8175.173812866211
2024-12-31,8146.127201080322
2025-01-02,8197.953811645508
2025-01-03,8284.40770149231
2025-01-06,8247.354835510254
2025-01-07,8272.433416366577
2025-01-08,8268.170839309692
2025-01-09,8273.64877128601
2025-01-10,8341.965881347656
2025-01-13,8270.563583374023
2025-01-14,8246.357162475586
2025-01-15,8224.599145889282
2025-01-16,8324.043930053711
2025-01-17,8413.76103401184
2025-01-20,8524.874891281128
2025-01-21,8538.438339233398
2025-01-22,8565.007984161377
2025-01-23,8561.482973098755
2025-01-24,8581.26706314087
2025-01-27,8518.670022964478
2025-01-28,8520.270294189453
2025-01-29,8550.836065292358
2025-01-30,8574.368913650513
2025-01-31,8662.567662239075
2025-02-03,8659.345983505249
2025-02-04,8569.43159198761
2025-02-05,8556.113984107971
2025-02-06,8638.571509361267
2025-02-07,8712.851971626282
2025-02-10,8687.132022857666
2025-02-11,8755.440496444702
2025-02-12,8765.365069389343
2025-02-13,8796.143115997314
2025-02-14,8753.528302192688
2025-02-17,8721.099621772766
2025-02-18,8756.188227653503
2025-02-19,8754.877398490906
2025-02-20,8700.687891960144
2025-02-21,8650.525156021118
2025-02-24,8646.087815284729
2025-02-25,8645.24496459961
2025-02-26,8654.961766242981
2025-02-27,8718.151584625244
2025-02-28,8743.525052070618
2025-03-03,8797.998627662659
2025-03-04,8860.503548622131
2025-03-05,8748.533690452576
2025-03-06,8745.001039505005
2025-03-07,8670.682359695435
2025-03-10,8667.200422286987
2025-03-11,8586.462406158447
2025-03-12,8481.101095199585
2025-03-13,8557.126447677612
2025-03-14,8559.25975227356
2025-03-17,8648.097927093506
2025-03-18,8665.440609931946
2025-03-19,8691.581002235413
2025-03-20,8693.674786567688
2025-03-21,8689.169171333313
2025-03-24,8633.665160179138
2025-03-25,8624.369216918945
2025-03-26,8649.773637771606
2025-03-27,8675.825053215027
2025-03-28,8652.613151550293
2025-03-31,8645.417224884033
2025-04-01,8568.675437927246
2025-04-02,8620.311736106873
2025-04-03,8593.627409934998
2025-04-04,8490.027338027954
2025-04-07,8073.803028106689
2025-04-08,7727.355236053467
2025-04-09,7941.233640670776
2025-04-10,7713.100311279297
2025-04-11,7945.5318603515625
2025-04-14,7996.305114746094
2025-04-15,8162.864454269409
2025-04-16,8275.174827575684
2025-04-17,8299.098350524902
2025-04-22,8297.979291915894
2025-04-23,8350.35698890686
2025-04-24,8424.136665344238
2025-04-25,8427.27368927002
2025-04-28,8434.454021453857
2025-04-29,8436.346019744873
2025-04-30,8482.216316223145
2025-05-01,8513.076824188232
2025-05-02,8514.32988357544
2025-05-06,8613.12470817566
2025-05-07,8613.34675693512
2025-05-08,8574.594703674316
2025-05-09,8547.318457603455
2025-05-12,8570.93024635315
2025-05-13,8620.927275657654
2025-05-14,8618.262681007385
2025-05-15,8569.95244884491
2025-05-16,8618.852228164673
2025-05-19,8670.130398750305
2025-05-20,8685.695079803467
2025-05-21,8768.444062232971
2025-05-22,8774.598774909973
2025-05-23,8727.877058029175
2025-05-27,8706.16641998291
2025-05-28,8766.021379470825
2025-05-29,8713.926218032837
2025-05-30,8704.491008758545
2025-06-02,8760.17202091217
2025-06-03,8762.415337562561
2025-06-04,8775.655488967896
2025-06-05,8790.136083602905
2025-06-06,8800.094444274902
2025-06-09,8827.317879676819
2025-06-10,8821.965690612793
2025-06-11,8843.048624038696
2025-06-12,8854.511224746704
2025-06-13,8875.365005493164
2025-06-16,8841.135756492615
2025-06-17,8865.776218414307
2025-06-18,8824.27064037323
2025-06-19,8833.719025611877
2025-06-20,8781.493488311768
2025-06-23,8764.008125305176
2025-06-24,8746.67278766632
2025-06-25,8747.413645744324
2025-06-26,8706.879890441895
2025-06-27,8723.47574520111
2025-06-30,8786.88732624054
2025-07-01,8749.401886940002
2025-07-02,8774.067541122437
2025-07-03,8763.280711174011
2025-07-04,8812.146517753601
2025-07-07,8812.11360836029
2025-07-08,8796.027782440186
2025-07-09,8843.843361854553
2025-07-10,8856.92046546936
2025-07-11,8966.640190124512
2025-07-14,8932.75871181488
2025-07-15,8990.667501449585
2025-07-16,8930.706050872803
2025-07-17,8918.980259895325
2025-07-18,8964.63714170456
2025-07-21,8984.46768951416
2025-07-22,9005.979892730713
2025-07-23,9017.137710571289
2025-07-24,9055.26387643814
2025-07-25,9132.885563850403
2025-07-28,9115.540608406067
2025-07-29,9076.939863681793
2025-07-30,9131.682891368866
2025-07-31,9132.363082885742
2025-08-01,9128.682223320007
2025-08-04,9064.154194831848
2025-08-05,9123.654193401337
2025-08-06,9138.032632350922
2025-08-07,9160.308101654053
2025-08-08,9096.773397445679
2025-08-11,9091.375836849213
2025-08-12,9124.997703552246
2025-08-13,9143.381170749664
2025-08-14,9161.259442806244
2025-08-15,9173.580225467682
2025-08-18,9135.321308135986
2025-08-19,9154.037044525146
2025-08-20,9185.514085054398
2025-08-21,9285.242790222168
2025-08-22,9307.370249032974
2025-08-26,9320.540646195412
2025-08-27,9264.93214404583
2025-08-28,9254.29898762703
2025-08-29,9214.916207551956
2025-09-01,9184.931579589844
2025-09-02,9193.465885400772
2025-09-03,9113.323992967606
2025-09-04,9174.428006649017
2025-09-05,9213.310596704483
2025-09-08,9205.32247042656
2025-09-09,9218.82912015915
2025-09-10,9240.050011873245
2025-09-11,9223.120070695877
2025-09-12,9295.700724959373
2025-09-15,9281.69802081585
2025-09-16,9275.832966923714
2025-09-17,9194.003389954567
2025-09-18,9206.15267086029
2025-09-19,9225.394694566727
2025-09-22,9214.178109407425
2025-09-23,9224.300096273422
2025-09-24,9220.863767385483
2025-09-25,9248.145011663437
2025-09-26,9211.736132383347
2025-09-29,9282.824868083
2025-09-30,9298.097306251526
2025-10-01,9349.58358180523
2025-10-02,9446.48083382845
2025-10-03,9428.733982205391
2025-10-06,9493.22684621811
2025-10-07,9481.255125284195
2025-10-08,9486.177253007889
2025-10-09,9551.704785346985
2025-10-10,9512.497979164124
2025-10-13,9430.467035770416
2025-10-14,9445.089874982834
2025-10-15,9454.512538194656
2025-10-16,9426.571145534515
2025-10-17,9437.809310674667
2025-10-20,9355.805074453354
2025-10-21,9404.563097894192
2025-10-22,9427.77437376976
2025-10-23,9516.701625585556
2025-10-24,9581.348874092102
2025-10-27,9649.727838516235
2025-10-28,9658.879503250122
2025-10-29,9702.517733573914
2025-10-30,9762.510392189026
2025-10-31,9767.227422714233
2025-11-03,9724.709365844727
2025-11-04,9708.496615409851
2025-11-05,9721.735698223114
2025-11-06,9784.069791793823
2025-11-07,9743.094376564026
2025-11-10,9689.860219955444
2025-11-11,9794.2583694458
2025-11-12,9907.411343574524
2025-11-13,9920.739085197449
2025-11-14,9817.499139785767
2025-11-17,9707.172021865845
2025-11-18,9682.614982128143
2025-11-19,9558.02808713913
2025-11-20,9511.95606470108
2025-11-21,9531.12273979187
2025-11-24,9542.97093296051
2025-11-25,9538.382782459259
2025-11-26,9613.368537664413
2025-11-27,9696.279909610748
2025-11-28,9699.682967662811
2025-12-01,9727.020637989044
2025-12-02,9709.132678508759
2025-12-03,9708.50995016098
2025-12-04,9698.63066291809
2025-12-05,9717.443887233734
2025-12-08,9673.405527591705
2025-12-09,9651.266138076782
2025-12-10,9647.684698581696
2025-12-11,9661.05968427658
2025-12-12,9709.029941082
2025-12-15,9655.00691986084
2025-12-16,9757.747438430786
2025-12-17,9691.223430633545
2025-12-18,9781.431673526764
2025-12-19,9845.285321712494
2025-12-22,9906.195984840393
2025-12-23,9875.504237174988
2025-12-24,9899.034574508667
2025-12-29,9880.376755714417
2025-12-30,9876.210686683655
2025-12-31,9950.557040214539
2026-01-02,9941.654750823975
2026-01-05,9961.911376953125
2026-01-06,10015.685815811157
2026-01-07,10134.737212181091
2026-01-08,10061.04627609253
2026-01-09,10057.912085533142
2026-01-12,10137.581652641296
2026-01-13,10154.21056842804
2026-01-14,10151.55888557434
2026-01-15,10198.837184906006
2026-01-16,10253.81206035614
2026-01-19,10250.853520393372
2026-01-20,10211.156608581543
2026-01-21,10142.023178100586
2026-01-22,10152.673463821411
2026-01-23,10164.307898521423
2026-01-26,10157.734505653381
2026-01-27,10163.299777030945
2026-01-28,10222.417126655579
2026-01-29,10169.202954292297
2026-01-30,10186.759944915771
2026-02-02,10238.394297599792
2026-02-03,10357.385171890259
2026-02-04,10331.34377861023
2026-02-05,10420.031135559082
2026-02-06,10326.909923553467
2026-02-09,10387.791711807251
2026-02-10,10403.973737716675
2026-02-11,10371.961936950684
2026-02-12,10490.629474639893
2026-02-13,10421.139617919922
2026-02-16,10465.70154953003
2026-02-17,10492.886775970459
2026-02-18,10576.148986816406
2026-02-19,10707.282815933228
2026-02-20,10649.157815933228
2026-02-23,10709.799461364746
2026-02-24,10707.538125991821
2026-02-25,10703.805549621582
2026-02-26,10830.015691757202
2026-02-27,10871.130945205688
2026-03-02,10936.291648864746
2026-03-03,10805.95112991333
2026-03-04,10508.604774475098
2026-03-05,10589.981214523315
2026-03-06,10434.11978149414
2026-03-09,10304.21000289917
2026-03-10,10266.969074249268
2026-03-11,10429.193759918213
2026-03-12,10371.29051399231
2026-03-13,10323.277433395386
2026-03-16,10278.421955108643
2026-03-17,10334.542482376099
2026-03-18,10420.801984786987
2026-03-19,10323.023630142212
2026-03-20,10080.303443908691
2026-03-23,9932.387742042542
2026-03-24,9905.579014778137
2026-03-25,9975.675622940063
2026-03-26,10118.121644973755
2026-03-27,9984.36249256134
2026-03-30,9979.720540046692
2026-03-31,10139.978954315186
2026-04-01,10189.626399993896
2026-04-02,10380.088126182556
2026-04-07,10453.321716308594
2026-04-08,10367.202869415283
2026-04-09,10628.251829147339
2026-04-10,10623.743982315063
2026-04-13,10622.443027496338
2026-04-14,10604.826612472534
2026-04-15,10630.901334762573
2026-04-16,10581.253694534302
2026-04-17,10611.656345367432
2026-04-20,10689.380767822266
2026-04-21,10631.31190109253
2026-04-22,10520.09289932251
2026-04-23,10497.389266967773
2026-04-24,10476.946575164795
2026-04-27,10398.496843338013
2026-04-28,10339.691427230835
2026-04-29,10350.56259727478
2026-04-30,10230.075361251831
2026-05-01,10395.780364990234
2026-05-05,10380.98175239563
2026-05-06,10236.679546356201
2026-05-07,10456.158424377441
2026-05-08,10294.145248413086
2026-05-11,10250.629886627197
2026-05-12,10285.694484710693
2026-05-13,10281.49075126648
2026-05-14,10342.049472808838
2026-05-15,10390.059629440308
2026-05-18,10212.57569694519
2026-05-19,10340.740770339966
2026-05-20,10347.105104446411
2026-05-21,10450.117065429688
2026-05-22,10462.002862930298
2026-05-26,10485.644653320312
2026-05-27,10511.046802520752
2026-05-28,10524.99608039856
2026-05-29,10445.951232910156
2026-06-01,10428.822519302368
2026-06-02,10357.62519645691
2026-06-03,10391.729122161865
2026-06-04,10350.094905853271
2026-06-05,10378.194723129272
2026-06-08,10385.90689277649
2026-06-09,10391.264390945435
2026-06-10,10244.892618179321
2026-06-11,10271.66770362854
2026-06-12,10320.11287689209
2026-06-15,10489.035623550415
2026-06-16,10449.102262496948
2026-06-17,10513.840600967407
2026-06-18,10528.384223937988
2026-06-19,10419.593423843384
2026-06-22,10382.521587371826
2026-06-23,10456.449411392212
2026-06-24,10447.604036331177
2026-06-25,10480.879974365234
2026-06-26,10549.563669204712
2026-06-29,10528.197765350342
2026-06-30,10504.643451690674
2026-07-01,10517.305894851685
2026-07-02,10498.350723266602
2026-07-03,10673.572076797485
2026-07-06,10700.638319015503
2026-07-07,10674.646476745605
2026-07-08,10688.816570281982
2026-07-09,10511.17807006836
2026-07-10,10493.702205657959
2026-07-13,10517.311208724976
2026-07-14,10518.347005844116
2026-07-15,10549.735202789307
2026-07-16,10536.371341705322
2026-07-17,10593.009061813354
2026-07-20,10621.5445022583
2026-07-21,10546.20545578003
2026-07-22,10607.285154342651
2026-07-23,10738.704608917236
2026-07-24,10661.772928237915
2026-07-27,10759.546699523926
2026-07-28,10805.34024810791
2026-07-29,10895.74181175232
2026-07-30,10934.05910873413
2026-07-31,10923.699840545654
2026-08-03,10894.579200744629
2026-08-04,10883.913217544556
2026-08-05,10905.443254470825
2026-08-06,10914.425029754639
2026-08-07,10894.143758773804
2026-08-10,10927.40290260315
2026-08-11,10888.720705032349
2026-08-12,10870.360521316528
2026-08-13,10858.97338104248
2026-08-14,10798.084455490112
2026-08-18,10774.999326705933
